Media,Title,Link
서울경제,"""이미 결제했는데 요금 또 내야""… 계엄발 환율 급등에 여행사 '한숨'",https://n.news.naver.com/article/011/0004426630?ntype=RANKING
서울경제,밥 먹으러 가던 딸에게 “반란군 자식들 꺼져라”…계엄군 자녀들 향하는 ‘화살’,https://n.news.naver.com/article/011/0004427065?ntype=RANKING
서울경제,"한동훈 ""尹, 내란죄 자백"" 발언에 나경원 ""너무 가벼워, 담화 곱씹어 보자""",https://n.news.naver.com/article/011/0004427009?ntype=RANKING
서울경제,"""尹, 혼군 넘어 '폭군' 될 것"" 유시민 예언 '재조명'…""지나고 보니 다 맞았다""",https://n.news.naver.com/article/011/0004427045?ntype=RANKING
서울경제,"尹 4차 대국민 담화에 뚜껑 열린 시민들…""계엄이 장난이냐""",https://n.news.naver.com/article/011/0004426880?ntype=RANKING
YTN,[속보] '김 여사 특검법' 국회 본회의 통과...15개 의혹 대상,https://n.news.naver.com/article/052/0002126821?ntype=RANKING
YTN,"윤 대통령 ""탄핵이든 수사든 맞서겠다""...국무회의 안건 재가도",https://n.news.naver.com/article/052/0002126849?ntype=RANKING
YTN,"'탄핵 찬반' 여당 내홍 고조...이재명 ""윤, 탄핵 필요성 스스로 증명""",https://n.news.naver.com/article/052/0002126851?ntype=RANKING
YTN,"[속보] 민주노총 등 '탄핵' 행진, 대통령 관저 인근 대치",https://n.news.naver.com/article/052/0002126908?ntype=RANKING
YTN,[속보] 민주노총 등 '탄핵 촉구' 행진 중 경찰 대치...차벽 설치 중,https://n.news.naver.com/article/052/0002126843?ntype=RANKING
한국경제,"[단독] 김은숙 작가, 강남 빌딩 팔아 6년 만에 129억 시세 차익",https://n.news.naver.com/article/015/0005069249?ntype=RANKING
한국경제,"홍준표 ""'윤석열·이재명·한동훈 다 사라져라' 그게 국민여론""",https://n.news.naver.com/article/015/0005069347?ntype=RANKING
한국경제,'피의자 윤석열' 영장에도…대통령실 압색 번번이 막힌 이유,https://n.news.naver.com/article/015/0005069279?ntype=RANKING
한국경제,"의원직 박탈당한 조국 ""더 맑은 사람이 돼 돌아오겠다"" [종합]",https://n.news.naver.com/article/015/0005069270?ntype=RANKING
한국경제,"""통지서 좀 수령해달라""…與, 이재명 '재판 지연 꼼수' 의혹 제기",https://n.news.naver.com/article/015/0005069318?ntype=RANKING
연합뉴스,"곽경택 감독 ""동생 곽규택 투표 불참 실망…대통령 물러나야""",https://n.news.naver.com/article/001/0015102595?ntype=RANKING
연합뉴스,'내란 특검법' 국회 본회의 통과…與 5명 찬성표,https://n.news.naver.com/article/001/0015102395?ntype=RANKING
연합뉴스,내란죄 '셀프 변호' 담긴 尹 담화문…수사 속도 더 빨라지나,https://n.news.naver.com/article/001/0015102642?ntype=RANKING
연합뉴스,"한지아 ""탄핵표결 참여해 바로잡겠다""…與 '탄핵찬성' 7명",https://n.news.naver.com/article/001/0015102464?ntype=RANKING
연합뉴스,"계엄 당일 경찰 무전기록…""의원포함 아무도 못들어간다""",https://n.news.naver.com/article/001/0015102744?ntype=RANKING
아시아경제,"""저는 '술집여자' 입니다""…탄핵집회서 마이크 잡고 나온 어떤 호소",https://n.news.naver.com/article/277/0005516379?ntype=RANKING
아시아경제,"조국, '尹 탄핵안' 표결 못해…""잠시 여러분 곁을 떠난다""",https://n.news.naver.com/article/277/0005516357?ntype=RANKING
아시아경제,"""아빠 제발 정무적 판단 좀""…자녀문자에 국힘 의원이 보낸 답장",https://n.news.naver.com/article/277/0005515925?ntype=RANKING
아시아경제,"'예약 취소, 취소, 취소'…무겁게 덮친 계엄령發 공포",https://n.news.naver.com/article/277/0005516296?ntype=RANKING
아시아경제,"윤상현 ""정우성·이정재와 폭탄주…尹대통령은 정말 잘 마셔""",https://n.news.naver.com/article/277/0005516061?ntype=RANKING
오마이뉴스,"조경태 ""대통령 담화, 국민들 쌍욕할 정도... 윤석열씨라 부르겠다""",https://n.news.naver.com/article/047/0002456048?ntype=RANKING
오마이뉴스,"'광란 담화'에 대통령실로 방향 튼 민주노총 ""윤석열 체포""",https://n.news.naver.com/article/047/0002456056?ntype=RANKING
오마이뉴스,'나 헌법 위반했다' 딱 부러지게 자백한 12·12 담화,https://n.news.naver.com/article/047/0002456072?ntype=RANKING
오마이뉴스,탄핵 집회에 2030 여성이 많을 수밖에 없는 이유 [이슬기의 뉴스 비틀기],https://n.news.naver.com/article/047/0002456046?ntype=RANKING
오마이뉴스,"조국 유죄 확정에 김경수 ""검찰 권력 남용, 국민 심판 받을 것""",https://n.news.naver.com/article/047/0002456036?ntype=RANKING
블로터,"TPG, 8년 만에 '카카오모빌리티' 엑시트 성공하나 [넘버스]",https://n.news.naver.com/article/293/0000061591?ntype=RANKING
블로터,"네이버, 쿠팡플레이 이직한 전 직원 고소…'스포츠 자료' 유출 혐의",https://n.news.naver.com/article/293/0000061556?ntype=RANKING
블로터,"금감원, 현대차증권 2000억 규모 유상증자 계획에 '정정' 요청",https://n.news.naver.com/article/293/0000061593?ntype=RANKING
블로터,"인천공항, 면세점에 임대수수료 감면했지만 장기효과는 '글쎄'",https://n.news.naver.com/article/293/0000061594?ntype=RANKING
블로터,"[ROE 분석] 삼성SDI, 수익성의 한계인가 성장의 발판인가",https://n.news.naver.com/article/293/0000061578?ntype=RANKING
헤럴드경제,“한국 맞아?” 여기가 반찬 공장이라니…벌써 수천만원어치 팔렸다,https://n.news.naver.com/article/016/0002400964?ntype=RANKING
헤럴드경제,31세 양정렬 신상공개…살인 후 지문으로 대출,https://n.news.naver.com/article/016/0002401365?ntype=RANKING
헤럴드경제,[단독] 방첩사 법무실장 임기 1년 남기고 전격 교체…여인형 편제까지 바꿨다,https://n.news.naver.com/article/016/0002401541?ntype=RANKING
헤럴드경제,[속보] ‘尹 탄책집회’ 행진에 한남대로 전 차선 막혀…교통 마비,https://n.news.naver.com/article/016/0002401569?ntype=RANKING
헤럴드경제,"조경태 “‘한동훈 사퇴’ 주장 세력들, 탄핵 입장 밝혀야”",https://n.news.naver.com/article/016/0002401457?ntype=RANKING
SBS,"""국민 협박·성난 민심에 기름""…윤 대통령 담화에 전국서 격앙된 반응",https://n.news.naver.com/article/055/0001214699?ntype=RANKING
SBS,"[현장영상] '친윤'도 당황시킨 대통령 담화…""뭐하는 거야, 지금?""",https://n.news.naver.com/article/055/0001214712?ntype=RANKING
SBS,"혁신당, 조국 징역 2년 확정에 ""판결 존중하지만 납득 어려워""",https://n.news.naver.com/article/055/0001214678?ntype=RANKING
SBS,"[현장영상] ""국민 쌍욕 할 정도 분노케 만든 담화…윤석열 씨라 하겠다""",https://n.news.naver.com/article/055/0001214706?ntype=RANKING
SBS,"선관위 ""윤 대통령 담화, 자신이 당선된 대선 시스템에 대한 자기부정""",https://n.news.naver.com/article/055/0001214707?ntype=RANKING
아이뉴스24,"개그맨 정찬우, 與 정동만 의원에 문자메시지…""형님 힘내세요""",https://n.news.naver.com/article/031/0000892979?ntype=RANKING
아이뉴스24,"이기인 ""마지막 탄핵 찬성표, 막차는 옛 동지 '김용태'이길""",https://n.news.naver.com/article/031/0000893002?ntype=RANKING
아이뉴스24,"윤서인 ""尹, 사과만 하다 무너진 박근혜와는 달라…남자라서 그런가?""",https://n.news.naver.com/article/031/0000892987?ntype=RANKING
아이뉴스24,"조국 '운명의 날'…감옥이냐, 대선이냐",https://n.news.naver.com/article/031/0000892684?ntype=RANKING
아이뉴스24,"경찰청장·서울청장, '계엄 선포' 미리 알았다",https://n.news.naver.com/article/031/0000892996?ntype=RANKING
조선일보,달리는 기차서 몸 내밀고 사진 찍다가…나무에 부딪혀 떨어진 中 관광객,https://n.news.naver.com/article/023/0003876027?ntype=RANKING
조선일보,"﻿“숨이 턱턱 막힌다” 故김수미, 말년에 남긴 일기엔…",https://n.news.naver.com/article/023/0003876004?ntype=RANKING
조선일보,한지아 “대통령 거취는 국민이 선택”... 탄핵 찬성 與 의원 7명으로 늘어,https://n.news.naver.com/article/023/0003876095?ntype=RANKING
조선일보,대통령 권한 계속 행사하는 尹… 국무회의 안건 42건 재가,https://n.news.naver.com/article/023/0003876093?ntype=RANKING
조선일보,"대통령실 향하던 민노총, 한남대로 점거하고 尹 관저 진입 시도",https://n.news.naver.com/article/023/0003876109?ntype=RANKING
중앙일보,"개그맨 정찬우 뜻밖 근황…'특검 반대' 與정동만에 ""형님 힘내세요""",https://n.news.naver.com/article/025/0003407436?ntype=RANKING
중앙일보,"尹 ""국헌문란·폭동 아니다""…법조계 ""판례 어긋나고 허점 많다""",https://n.news.naver.com/article/025/0003407440?ntype=RANKING
중앙일보,"""김건희, '한동훈 반드시 손봐야' 친윤 유튜버에 전화""",https://n.news.naver.com/article/025/0003407378?ntype=RANKING
중앙일보,"""충청의 아들에 배신당한 기분""…尹부친 고향에 '탄핵 촉구' 현수막 [르포]",https://n.news.naver.com/article/025/0003407435?ntype=RANKING
중앙일보,"'與곽규택 친형' 곽경택 감독 ""투표 불참에 분노…尹 탄핵 마땅""",https://n.news.naver.com/article/025/0003407434?ntype=RANKING
한겨레,"윤석열, 담화 뒤 보란 듯 권한 행사…국무회의 안건 42건 재가",https://n.news.naver.com/article/028/0002721382?ntype=RANKING
한겨레,"나경원 “윤석열 담화 의미 곱씹어야…한동훈 언행, 너무 가벼워”",https://n.news.naver.com/article/028/0002721357?ntype=RANKING
한겨레,"‘소방관’ 곽경택 감독 호소 “동생의 투표 불참, 나도 실망했다”",https://n.news.naver.com/article/028/0002721424?ntype=RANKING
한겨레,[속보] “계엄 전 윤 만난 것 확인”…경찰청장·서울청장 구속영장 신청,https://n.news.naver.com/article/028/0002721396?ntype=RANKING
한겨레,조경태 “이제 윤석열씨라 하겠다…쌍욕할 정도로 국민 분노케”,https://n.news.naver.com/article/028/0002721416?ntype=RANKING
한국일보,"[단독] ""차벽 설치해"" ""월담 시도 차단""... '그날 밤' 서울경찰청 지휘부 무전엔",https://n.news.naver.com/article/469/0000838474?ntype=RANKING
한국일보,"“尹, 고3보다 삼권분립 몰라” 부산 여고생 연설 영상 화제",https://n.news.naver.com/article/469/0000838458?ntype=RANKING
한국일보,"내란 특검, 내란 공범 탄핵안, 김건희 특검 가결... 與 줄줄이 이탈표",https://n.news.naver.com/article/469/0000838460?ntype=RANKING
한국일보,'尹대통령 탄핵' 찬성 78%···'내란죄로 처벌'도 69%,https://n.news.naver.com/article/469/0000838429?ntype=RANKING
한국일보,'최상목 대통령 권한대행설' 왜? 尹 탄핵 시 '승계 서열' 봤더니,https://n.news.naver.com/article/469/0000838407?ntype=RANKING
JTBC,"[단독] ""사병은 국회 안 보냈다"" 거짓말…수방사 ""사병 61명 국회 투입""",https://n.news.naver.com/article/437/0000422265?ntype=RANKING
JTBC,"'탄핵 찬성' 한동훈에…황교안·나경원 등 ""가볍기가 깃털""",https://n.news.naver.com/article/437/0000422264?ntype=RANKING
JTBC,"""자기만의 세계 빠져 '망상 쿠데타'…명확한 폭동"" 윤 담화 직격",https://n.news.naver.com/article/437/0000422259?ntype=RANKING
JTBC,[단독] 국무회의 참석 중기부 장관 “계엄공고문 못 봤다. 심의문서 사인도 안 해”,https://n.news.naver.com/article/437/0000422258?ntype=RANKING
JTBC,"[단독] 김여사 종묘 차담회 손님은 ""미국 화가 가족""…'사적 이용' 논란",https://n.news.naver.com/article/437/0000422271?ntype=RANKING
헬스조선,"“머리 빠지고 생리도 멈춰” 이세영… 살 빼려 ‘이것’ 끊었다가 의외의 부작용, 뭐였길래?",https://n.news.naver.com/article/346/0000084625?ntype=RANKING
헬스조선,"“살 얼마나 뺀 거야?” 미나 시누이 박수지, ‘대박’ 다이어트 근황 공개… 사진 보니?",https://n.news.naver.com/article/346/0000084639?ntype=RANKING
헬스조선,‘뒤집힌 사진’ 보고 바로 누구인지 맞히면? “당신은 상위 0.1% 초인식자”,https://n.news.naver.com/article/346/0000084680?ntype=RANKING
헬스조선,"남편이 절벽서 밀어 34m 추락, 기적 생존… ""위자료 57억 요구""",https://n.news.naver.com/article/346/0000084673?ntype=RANKING
헬스조선,"“축구공 맞았을 뿐인데”… 평생 마비로 살게 된 40대 男, 무슨 일?",https://n.news.naver.com/article/346/0000084626?ntype=RANKING
매일경제,"“계엄은 합법”…尹 지지 발언 변호사·정치평론가, 진행하던 라디오서 하차",https://n.news.naver.com/article/009/0005412728?ntype=RANKING
매일경제,"“이제 윤석열씨라고 하겠다”…분노한 與조경태, 욕하고 싶은 나쁜담화",https://n.news.naver.com/article/009/0005412719?ntype=RANKING
매일경제,“나라 먼저 지키자”…尹 퇴진 집회 참석하는 삼성전자 노조,https://n.news.naver.com/article/009/0005412494?ntype=RANKING
매일경제,"탄핵 가결까지 이제 한표 남았다…국힘 7번째 공개 찬성 의원, 누구길래",https://n.news.naver.com/article/009/0005412543?ntype=RANKING
매일경제,“아침부터 참 쓰네”…尹 대국민 담화 TV로 본 배우 서하준의 한 마디,https://n.news.naver.com/article/009/0005412613?ntype=RANKING
KBS,"중앙선관위 “대통령 발언, 사실과 달라…불가능한 시나리오”",https://n.news.naver.com/article/056/0011855804?ntype=RANKING
KBS,진짜 부정선거 때문인지 알아보자…국힘 반성문 뜯어보니 [창+],https://n.news.naver.com/article/056/0011855734?ntype=RANKING
KBS,‘망국’ 알리려 계엄 선포?…‘여러분 저를 믿으시죠’ 2탄 [창+],https://n.news.naver.com/article/056/0011855756?ntype=RANKING
KBS,"골드버그 대사, 한국 못 떠날 듯…계엄과 탄핵을 바라보는 미국의 생각",https://n.news.naver.com/article/056/0011855869?ntype=RANKING
KBS,내란 특검법·김 여사 특검법·법무부장관·경찰청장 탄핵안 본회의 통과,https://n.news.naver.com/article/056/0011855860?ntype=RANKING
디지털타임스,"尹 ""전산시스템 엉터리라 점검 지시""…자료 꺼낸 선관위 ""선거불복 조장""",https://n.news.naver.com/article/029/0002922314?ntype=RANKING
디지털타임스,"한지아 ""탄핵 찬성해 바로잡겠다""…국민의힘서 7명째",https://n.news.naver.com/article/029/0002922472?ntype=RANKING
디지털타임스,"與 조경태 ""尹 담화, 국민이 쌍욕할 정도로 분노케 하는 담화""",https://n.news.naver.com/article/029/0002922362?ntype=RANKING
디지털타임스,"[여의도 왁자지껄] ""뭐야 이거 지금?""…권성동, 원대 선출 앞두고 尹 담화에 보인 반응",https://n.news.naver.com/article/029/0002922448?ntype=RANKING
디지털타임스,"尹내란 일반특검법, 4번째 김건희 특검법 국회 본회의 통과",https://n.news.naver.com/article/029/0002922404?ntype=RANKING
파이낸셜뉴스,‘최태원 차녀’ 최민정 “美 의료시스템이 비극적 살인 불러” 지적한 이유는,https://n.news.naver.com/article/014/0005281226?ntype=RANKING
파이낸셜뉴스,"""반란군 자식들아 꺼져라""..식사 중 계엄군 자녀에 선 넘은 비난",https://n.news.naver.com/article/014/0005281207?ntype=RANKING
파이낸셜뉴스,"""계엄령 역시 옳았어"" VS ""빨리 끌어내려야""...둘로 쪼개진 세종대로",https://n.news.naver.com/article/014/0005281550?ntype=RANKING
파이낸셜뉴스,"윤상현 ""한동훈, 배신의 정치...나 살자고 대통령 먼저 던져""",https://n.news.naver.com/article/014/0005281450?ntype=RANKING
파이낸셜뉴스,"14일 탄핵표결 앞두고 루비콘강 건넌 尹·韓..""당당히 맞설 것"" vs ""탄핵 찬성""",https://n.news.naver.com/article/014/0005281558?ntype=RANKING
강원도민일보,"[속보] 야 6당, 윤 대통령 2차 탄핵안 국회 제출…14일 표결",https://n.news.naver.com/article/654/0000096862?ntype=RANKING
강원도민일보,"윤 대통령, 자진사퇴 거부 의지(?)…법률안·대통령령 42건 재가",https://n.news.naver.com/article/654/0000096849?ntype=RANKING
강원도민일보,"국민의힘 한지아, 尹 탄핵 공개 찬성…가결까지 단 1명 남았다",https://n.news.naver.com/article/654/0000096832?ntype=RANKING
강원도민일보,"속초시, 접경지역 지정된다",https://n.news.naver.com/article/654/0000096825?ntype=RANKING
강원도민일보,"[속보] 선관위 ""尹담화, 자신 당선된 대선시스템 자기부정""",https://n.news.naver.com/article/654/0000096852?ntype=RANKING
국민일보,"조국 대표, 입시비리 혐의 징역 2년 확정…조만간 구속 수감",https://n.news.naver.com/article/005/0001745425?ntype=RANKING
국민일보,"“부정선거? 대통령 당선자의 자기부정” 선관위, 음모론 규탄",https://n.news.naver.com/article/005/0001745506?ntype=RANKING
국민일보,"권성동, 尹 담화에 “뭐 하는 거야 지금” 당황",https://n.news.naver.com/article/005/0001745517?ntype=RANKING
국민일보,"尹 “野, 광란의 칼춤… 마지막까지 국민과 함께 싸우겠다” [전문]",https://n.news.naver.com/article/005/0001745388?ntype=RANKING
국민일보,‘방첩사 계엄문건’ 열자 악성코드 주르룩…계엄 악용한 피싱 기승,https://n.news.naver.com/article/005/0001745496?ntype=RANKING
부산일보,"""윤 대통령 즉각 하야하라""에 국힘 부산 시의원 일괄 퇴장",https://n.news.naver.com/article/082/0001302510?ntype=RANKING
부산일보,"홍준표 ""이재명·윤석열·한동훈 셋 다 사라졌으면… 그게 국민 여론""",https://n.news.naver.com/article/082/0001302518?ntype=RANKING
부산일보,"시신 지문으로 6000만 원 대출 받은 김천 살인범, 정체는 31세 양정렬",https://n.news.naver.com/article/082/0001302482?ntype=RANKING
부산일보,자진사퇴 거부한 尹 법률안 재가…또 대통령 권한 행사,https://n.news.naver.com/article/082/0001302497?ntype=RANKING
부산일보,"선관위 ""尹 담화, 자신 당선된 대선시스템에 대한 자기부정""",https://n.news.naver.com/article/082/0001302502?ntype=RANKING
서울신문,“부하 딸에게 ‘반란군 자식들아 꺼져’ 욕설”…계엄군 자녀에게 쏟아진 비난,https://n.news.naver.com/article/081/0003503021?ntype=RANKING
서울신문,국회 본회의 與의원 폰에 포착된 개그맨 메시지 “형님 늘 응원합니다”,https://n.news.naver.com/article/081/0003503026?ntype=RANKING
서울신문,“국민의힘 의원이 감독 동생이래” 잘나가던 영화에 ‘날벼락’,https://n.news.naver.com/article/081/0003503015?ntype=RANKING
서울신문,"‘내란 혐의’ 김봉식 서울경찰청장, 구속영장심사 포기 의사",https://n.news.naver.com/article/081/0003503012?ntype=RANKING
서울신문,"칩거 깬 尹, 바로 대통령 권한 행사…국무회의 안건 42건 재가",https://n.news.naver.com/article/081/0003503006?ntype=RANKING
연합뉴스TV,"윤 대통령, 오늘 국무회의 안건 42건 재가…대통령 권한 행사",https://n.news.naver.com/article/422/0000697906?ntype=RANKING
연합뉴스TV,"여, 尹 퇴진 거부에 탄핵 찬성론 분출…한 표 남았다",https://n.news.naver.com/article/422/0000697908?ntype=RANKING
연합뉴스TV,"[녹취구성] 윤대통령 ""야, 광란의 칼춤…탄핵하든 수사하든 당당히 맞설 것""",https://n.news.naver.com/article/422/0000697869?ntype=RANKING
연합뉴스TV,[씬속뉴스] 탄핵 표결 불참에 '시민 분노'…2차 표결 앞두고 근조화환 행렬·장례식 퍼포먼스,https://n.news.naver.com/article/422/0000697907?ntype=RANKING
연합뉴스TV,"검찰, 복지부 장관 '피의자' 조사…군 압수수색 확대",https://n.news.naver.com/article/422/0000697910?ntype=RANKING
동아일보,김건희 특검법-내란 일반특검 본회의 통과…與 반대 당론에도 이탈표,https://n.news.naver.com/article/020/0003603822?ntype=RANKING
동아일보,與이탈표 하나 남았다…진종오 한지아 등 7명 “탄핵 찬성”,https://n.news.naver.com/article/020/0003603791?ntype=RANKING
동아일보,"조국, ‘입시비리’ 징역 2년 확정… 의원직 상실, 대선출마 못해",https://n.news.naver.com/article/020/0003603786?ntype=RANKING
동아일보,"생식기 헤르페스, 5명 중 1명꼴로 감염…매초 1명이상 전염",https://n.news.naver.com/article/020/0003603758?ntype=RANKING
동아일보,"선관위 “尹담화, 자신이 당선된 시스템에 대한 자기부정”",https://n.news.naver.com/article/020/0003603829?ntype=RANKING
뉴스1,"[속보] 국방장관 직대-한미연합군사령관 화상회의…""외부 위협 대응""",https://n.news.naver.com/article/421/0007964429?ntype=RANKING
뉴스1,"노래방 도우미 여성, 단상 올라 '尹 탄핵' 목청…""손가락질할 거 알지만""",https://n.news.naver.com/article/421/0007962936?ntype=RANKING
뉴스1,"尹 '가짜 출근' 정황…경찰청 블라인드 ""속 시원, 직원까지 속이며 생쇼""",https://n.news.naver.com/article/421/0007964087?ntype=RANKING
뉴스1,윤 부부 '2개의 특검' 통과…'尹내란' 역대 최대 규모·김건희 15개 혐의,https://n.news.naver.com/article/421/0007964319?ntype=RANKING
뉴스1,탄핵 한표 아쉬운데 조국 의원직 상실…'野 192표'서 줄어들까,https://n.news.naver.com/article/421/0007964207?ntype=RANKING
여성신문,"윤석열 끝까지 하야 거부... ""비상계엄, 대통령 권한"" [전문]",https://n.news.naver.com/article/310/0000121306?ntype=RANKING
여성신문,"민주당 “윤석열, 극단적 망상 표출...불법계엄 자백·대국민 선전포고”",https://n.news.naver.com/article/310/0000121313?ntype=RANKING
여성신문,왜 육아휴직 이용자는 여성이 많을까? “젠더 중립적 일·가정 양립제도 필요”,https://n.news.naver.com/article/310/0000121329?ntype=RANKING
여성신문,민주주의와 여성혐오는 함께 갈 수 없다…“성평등 민주주의 실현해야”,https://n.news.naver.com/article/310/0000121304?ntype=RANKING
여성신문,"한강 ""'소년이 온다' 광주 이해하는 진입로""",https://n.news.naver.com/article/310/0000121302?ntype=RANKING
문화일보,‘차기 대선은 내년 봄’ 68%…‘이재명 재판 일정대로’ 67%,https://n.news.naver.com/article/021/0002677547?ntype=RANKING
문화일보,탄핵표결 참여 與 의원 최소 22명… ‘찬성’ 8명 이상 가능성 커져,https://n.news.naver.com/article/021/0002677668?ntype=RANKING
문화일보,[속보]오세훈 “탄핵소추 당론으로 해야”…탄핵 안된다던 기존 입장서 선회,https://n.news.naver.com/article/021/0002677537?ntype=RANKING
문화일보,조경태 작심비판 “친윤이 어떻게 원내대표를 하나…이제 윤석열 씨라고 할 것”,https://n.news.naver.com/article/021/0002677732?ntype=RANKING
문화일보,"[속보]윤 대통령 “북한의 해킹 점검 필요성, 선관위는 조사 요구 불응했다” 계엄 선포 및 선관위 진입 이유가…",https://n.news.naver.com/article/021/0002677571?ntype=RANKING
이데일리,"조국 유죄에 혁신당 '침통'…""맑은사람 돼 돌아오겠다""(상보)",https://n.news.naver.com/article/018/0005905009?ntype=RANKING
이데일리,“저는 노래방 도우미지만…” 尹 탄핵 집회에 등장한 여성,https://n.news.naver.com/article/018/0005905139?ntype=RANKING
이데일리,윤상현 “주량은 尹이 최고” 발언 재조명…정우성·이정재도 언급,https://n.news.naver.com/article/018/0005905080?ntype=RANKING
이데일리,'尹내란'·'김건희' 쌍특검법 국회 통과…與서 공개 찬성표(종합),https://n.news.naver.com/article/018/0005905090?ntype=RANKING
이데일리,"""6000만원 싸게 팔아요""…서울 '눈물의 마피' 속출, 왜?",https://n.news.naver.com/article/018/0005904353?ntype=RANKING
머니투데이,"[단독]윤 대통령, 與 '제명' 윤리위 소집에도 ""자진 탈당 안 한다""",https://n.news.naver.com/article/008/0005127676?ntype=RANKING
머니투데이,"윤 '중국 간첩' 직격에 中 첫 공식입장…""깊은 유감과 불만 표한다""",https://n.news.naver.com/article/008/0005127789?ntype=RANKING
머니투데이,"[속보]권성동 ""원내대표 비서실장에 김대식, 원내수석부대표에 박형수, 원내대변인에 서지영""",https://n.news.naver.com/article/008/0005127800?ntype=RANKING
머니투데이,"[속보]민주당 등 야6당, 윤석열 대통령 탄핵소추안 제출 완료",https://n.news.naver.com/article/008/0005127813?ntype=RANKING
머니투데이,"[단독] 윤석열 대통령, 與 새 원내대표 권성동 선출 직후 통화",https://n.news.naver.com/article/008/0005127709?ntype=RANKING
조선비즈,"조국 아내 정경심, ‘자녀 입시 비리’로 징역 1년·집행유예 2년 확정",https://n.news.naver.com/article/366/0001039530?ntype=RANKING
조선비즈,"윤상현, 정우성·이정재와 주량 대결 화제… “가장 센 사람은 윤석열”",https://n.news.naver.com/article/366/0001039595?ntype=RANKING
조선비즈,與 ‘탄핵 찬성’ 급물살…‘가결’까지 1명 남았다,https://n.news.naver.com/article/366/0001039553?ntype=RANKING
조선비즈,“‘탄핵 표결 불참’ 국힘 의원 형이 감독이래” 불매 조짐에 입장 밝힌 곽경택,https://n.news.naver.com/article/366/0001039619?ntype=RANKING
조선비즈,"尹이 때린 선관위 ""尹담화로 계엄 당시 위헌·위법한 선관위 점거 확인""",https://n.news.naver.com/article/366/0001039605?ntype=RANKING
코리아헤럴드,[Breaking] Supreme court sentences Cho Kuk to 2 years in prison,https://n.news.naver.com/article/044/0000264380?ntype=RANKING
코리아헤럴드,Yoon defiant as impeachment momentum grows,https://n.news.naver.com/article/044/0000264376?ntype=RANKING
코리아헤럴드,"Ruling party head calls for Yoon to be impeached, expelled from party",https://n.news.naver.com/article/044/0000264397?ntype=RANKING
코리아헤럴드,Police chief says Yoon ordered control of 10 locations before martial law,https://n.news.naver.com/article/044/0000264398?ntype=RANKING
코리아헤럴드,"Cho Kuk sentenced 2 years, loses seat, shot at presidency",https://n.news.naver.com/article/044/0000264395?ntype=RANKING
경향신문,"[속보] 중국, 윤 대통령 ‘중국 간첩’ 발언에 “놀랍고 불만” 반발",https://n.news.naver.com/article/032/0003338840?ntype=RANKING
경향신문,"조국 ‘사법리스크’ 현실로···혁신당의 1표, 탄핵안 표결 영향은?",https://n.news.naver.com/article/032/0003338823?ntype=RANKING
경향신문,"홍준표, 이재명·윤석열·한동훈 겨냥해 “셋 다 사라졌으면”",https://n.news.naver.com/article/032/0003338831?ntype=RANKING
경향신문,"‘계엄 옹호’ YTN 배승희, KBS 고성국···‘극우 유튜버들’ 라디오 진행 하차",https://n.news.naver.com/article/032/0003338837?ntype=RANKING
경향신문,국힘 조경태 “윤석열씨라 하겠다…쌍욕할 정도로 국민 분노하게 만든 담화”,https://n.news.naver.com/article/032/0003338761?ntype=RANKING
지디넷코리아,"尹 담화문에 시민들 분노…""폭력에 그만한 이유 있다고 말한 꼴""",https://n.news.naver.com/article/092/0002356228?ntype=RANKING
지디넷코리아,"""尹 계엄령 후 해커들 신났다""…바이러스 정기 검사 안하면 '낭패'",https://n.news.naver.com/article/092/0002356263?ntype=RANKING
지디넷코리아,노벨상 시상식서 '한강'이 탔던 차…볼보가 지원했다,https://n.news.naver.com/article/092/0002356204?ntype=RANKING
지디넷코리아,"챗GPT, 장애 2시간만에 정상화…사용자 신뢰 시험대 올라",https://n.news.naver.com/article/092/0002356230?ntype=RANKING
지디넷코리아,화웨이 최신 폰 뜯어봤더니...구식 7나노 칩 탑재,https://n.news.naver.com/article/092/0002356256?ntype=RANKING
프레시안,국민의힘 진종오·한지아도 탄핵 찬성표 던지기로…이제 단 1명 남았다,https://n.news.naver.com/article/002/0002363838?ntype=RANKING
프레시안,"홍준표, 비상계엄 두고 ""대통령의 고도의 통치행위, 사법심사 대상 아니야""",https://n.news.naver.com/article/002/0002363747?ntype=RANKING
프레시안,"""尹 탄핵 헌재 심리 종결, 4주도 가능하다…구속 가능성도"" 전망",https://n.news.naver.com/article/002/0002363837?ntype=RANKING
프레시안,"우원식 ""참담""…문재인 ""기괴한 일 정점에""",https://n.news.naver.com/article/002/0002363880?ntype=RANKING
프레시안,'전두환의 길' 접어든 尹 '12.12 담화',https://n.news.naver.com/article/002/0002363858?ntype=RANKING
MBC,"""저는 내일이 마지막 방송"" '내란 옹호' 진행자 결국‥",https://n.news.naver.com/article/214/0001393112?ntype=RANKING
MBC,"""뭔 내용인지도 모르겠고"" 尹 담화에 권성동 반응이‥ [현장영상]",https://n.news.naver.com/article/214/0001393226?ntype=RANKING
MBC,"[속보] 안철수 ""대통령 담화는 궤변‥탄핵 찬성 뜻 변함 없어""",https://n.news.naver.com/article/214/0001393208?ntype=RANKING
MBC,"선관위 ""윤 대통령, 자신이 당선된 선거시스템 부정‥강력 규탄""",https://n.news.naver.com/article/214/0001393214?ntype=RANKING
MBC,"정신과 의사들도 시국선언 ""국민 트라우마 치유는 탄핵뿐""",https://n.news.naver.com/article/214/0001393230?ntype=RANKING
kbc광주방송,"일선에서 물러난다던 尹, 법률안·대통령령 42건 재가",https://n.news.naver.com/article/660/0000074989?ntype=RANKING
kbc광주방송,"""반란군 자식들아 꺼져라""..특전사 자녀 비난에 눈물로 호소",https://n.news.naver.com/article/660/0000074985?ntype=RANKING
kbc광주방송,'임기 중 성매매' 前 제주도의원 벌금형 확정,https://n.news.naver.com/article/660/0000074923?ntype=RANKING
kbc광주방송,"與 한지아 ""국민 선택 따라야""..尹 탄핵 공개 찬성 '7번째'",https://n.news.naver.com/article/660/0000074982?ntype=RANKING
kbc광주방송,"[속보]민주당 등 야 6당, 2차 尹 탄핵소추안 발의..14일 표결",https://n.news.naver.com/article/660/0000075002?ntype=RANKING
농민신문,"‘시나몬가루’ 넣은 커피, 정말 혈당이 덜 오를까…직접 측정해보니",https://n.news.naver.com/article/662/0000058112?ntype=RANKING
농민신문,美 원유서 AI 바이러스 검출…우리나라는?,https://n.news.naver.com/article/662/0000058113?ntype=RANKING
농민신문,태양광 신청 폭주에 지자체 ‘몸살’,https://n.news.naver.com/article/662/0000058114?ntype=RANKING
농민신문,코로나19 팬데믹 기간 소아청소년 ‘이 병’ 늘어,https://n.news.naver.com/article/662/0000058126?ntype=RANKING
농민신문,[향토밥상] 부드러운 홍어애와 보리싹의 궁합…먹을수록 ‘중독적인 맛’,https://n.news.naver.com/article/662/0000058116?ntype=RANKING
한국경제TV,이부진·최수연 '세계 여성파워 100인'…1위는?,https://n.news.naver.com/article/215/0001191477?ntype=RANKING
한국경제TV,"외신, 尹 담화 일제히 보도…""여전히 강경""",https://n.news.naver.com/article/215/0001191401?ntype=RANKING
한국경제TV,"""연기금, 살아있네""…LG엔솔 7%대↑ 등 대형주 '강세'",https://n.news.naver.com/article/215/0001191445?ntype=RANKING
한국경제TV,올해 '1조달러' 유입…사상 최대 '뭉칫돈',https://n.news.naver.com/article/215/0001191415?ntype=RANKING
한국경제TV,美 주식투자 '열풍'…서학개미 뒤에서 남몰래 '표정관리',https://n.news.naver.com/article/215/0001191428?ntype=RANKING
뉴시스,"윤여준 ""尹, 권력에 도취…매일 새벽까지 술 마셨다더라""",https://n.news.naver.com/article/003/0012958623?ntype=RANKING
뉴시스,"한교협 ""조국 확정 판결…관련 대학들, 이제 조민 입학 취소해야""",https://n.news.naver.com/article/003/0012958728?ntype=RANKING
뉴시스,"홍준표 ""尹·이재명·한동훈, 적대적 공생관계…모두 사라졌으면""",https://n.news.naver.com/article/003/0012958650?ntype=RANKING
뉴시스,"""장롱 뒤져서 찾았다""…여의도 집회서 주목받는 이 폰",https://n.news.naver.com/article/003/0012957350?ntype=RANKING
뉴시스,"'尹 탄핵집회' 단상 오른 노래방도우미 여성…""손가락질 알지만""",https://n.news.naver.com/article/003/0012957831?ntype=RANKING
강원일보,[속보]네번째 '김건희 여사 특검법' '내란' 일반특검법 국회 본회의 통과,https://n.news.naver.com/article/087/0001085766?ntype=RANKING
강원일보,"진종오 ""탄핵 찬성표 던질 것…국민에 반하는 길 선택하지 않겠다”",https://n.news.naver.com/article/087/0001085716?ntype=RANKING
강원일보,"'입시비리' 조국, 대법원서 징역 2년 확정...의원직 박탈",https://n.news.naver.com/article/087/0001085734?ntype=RANKING
강원일보,"尹 ""野, 계엄이 내란죄라며 광란의 칼춤...탄핵 남발로 국정 마비""",https://n.news.naver.com/article/087/0001085720?ntype=RANKING
강원일보,"민주 ""尹, 오늘 담화로 극단적 망상 표출…정신적 실체 재확인""",https://n.news.naver.com/article/087/0001085730?ntype=RANKING
대전일보,"'친한' 신지호 ""김건희, 친윤 유튜버에 한동훈 손 보라고 해""",https://n.news.naver.com/article/656/0000114529?ntype=RANKING
대전일보,"진종오·한지아도 ""尹 탄핵안, 찬성하겠다"" … 與 의원들 벌써 7명",https://n.news.naver.com/article/656/0000114560?ntype=RANKING
대전일보,"尹대통령 ""탄핵하든 수사하든 맞설 것""…법적·정치적 책임 회피 않을 것",https://n.news.naver.com/article/656/0000114580?ntype=RANKING
대전일보,"尹, 사전녹화 뒤 관저 복귀…담화 몇 분전 긴급 예고",https://n.news.naver.com/article/656/0000114563?ntype=RANKING
대전일보,"선관위, ""尹담화, 자신이 당선된 대선시스템 자기부정과 다름없어""",https://n.news.naver.com/article/656/0000114578?ntype=RANKING
디지털데일리,"‘페이커’ 우승 장면, 전 세계 5000만명이 동시에 지켜봤다",https://n.news.naver.com/article/138/0002187887?ntype=RANKING
디지털데일리,"尹 “야당, 비상계엄 선포에 광란의 칼춤…당당히 맞서겠다”",https://n.news.naver.com/article/138/0002187857?ntype=RANKING
디지털데일리,"""통신 지연 없다""…이통3사, 주말 탄핵집회 앞두고 이동기지국 36대 등 추가 배치",https://n.news.naver.com/article/138/0002187884?ntype=RANKING
디지털데일리,[현장] 기인의 눈물부터 페이커의 웃음까지… 사진으로 본 2024 LCK,https://n.news.naver.com/article/138/0002187886?ntype=RANKING
디지털데일리,유리기판 양산 난제는 싱귤레이션…협력사 확보 분주 [소부장반차장],https://n.news.naver.com/article/138/0002187904?ntype=RANKING
노컷뉴스,"[단독]윤석열의 말 분석 ""술자리 '상말' 수준…파멸 자초""",https://n.news.naver.com/article/079/0003969944?ntype=RANKING
노컷뉴스,"윤상현 ""정우성·이정재와 폭탄주…尹은 정말 잘 마셔"" 재조명",https://n.news.naver.com/article/079/0003969736?ntype=RANKING
노컷뉴스,"윤석열 '가짜 출근 쇼' 보도에…경찰청 블라인드 ""속 시원하다""[이슈세개]",https://n.news.naver.com/article/079/0003969792?ntype=RANKING
노컷뉴스,"권성동, 경선 직전 尹담화에 ""뭐하는 거야…아이씨""[영상]",https://n.news.naver.com/article/079/0003970014?ntype=RANKING
노컷뉴스,"[단독]韓지도부 ""尹제명·출당 가능한지 유권해석 받겠다""",https://n.news.naver.com/article/079/0003969985?ntype=RANKING
동아사이언스,"정신과 전문의들 ""전 국민 트라우마, 尹 퇴진해야 치유""",https://n.news.naver.com/article/584/0000029976?ntype=RANKING
동아사이언스,"청소년 SNS 금지에 전문가들 '갸우뚱'…""우회해 사용할 것""",https://n.news.naver.com/article/584/0000029965?ntype=RANKING
동아사이언스,"韓·美 공동연구팀, 인도양 대기부터 해저 4000m까지 동시관측 최초 성공",https://n.news.naver.com/article/584/0000029972?ntype=RANKING
동아사이언스,SK바이오사이언스 '일본뇌염 mRNA 백신 '호주 임상 계획 승인,https://n.news.naver.com/article/584/0000029966?ntype=RANKING
동아사이언스,[사이언스얼라이브2024] 홍보에 눈뜬 과학자들이 말하는 커뮤니케이션이란,https://n.news.naver.com/article/584/0000029971?ntype=RANKING
시사저널,"'운명의 날' 조국…""내게 불행 생기면 국민이 尹 탄핵투쟁 나서달라""",https://n.news.naver.com/article/586/0000093126?ntype=RANKING
시사저널,탄핵 가도 살 수 있다? 尹의 하야 거부 '노림수는',https://n.news.naver.com/article/586/0000093198?ntype=RANKING
시사저널,"尹 탄핵까지 딱 1명 남았다…與 ""탄핵 찬성"" 급물살",https://n.news.naver.com/article/586/0000093170?ntype=RANKING
시사저널,"""끝까지 싸운다"" 선포한 尹, 법률안 등 재가…권한 행사 이어간다",https://n.news.naver.com/article/586/0000093196?ntype=RANKING
시사저널,"홍준표 ""윤석열·이재명·한동훈, 모두 사라졌으면…시중 여론이다""",https://n.news.naver.com/article/586/0000093202?ntype=RANKING
전자신문,[탄핵정국]내란 일반특검·김건희 특검법' 본회의 가결…박성재·조지호 탄핵안도 통과,https://n.news.naver.com/article/030/0003267326?ntype=RANKING
전자신문,"조국, 징역 2년 실형 확정…5년간 출마 못해",https://n.news.naver.com/article/030/0003267108?ntype=RANKING
전자신문,韓 반도체 소재 위태…매각·폐업 줄잇는다,https://n.news.naver.com/article/030/0003267277?ntype=RANKING
전자신문,진종오 “탄핵소추안에 찬성표 던질 것…헌법 정신· 민주주의 수호 위한 결단”,https://n.news.naver.com/article/030/0003267122?ntype=RANKING
전자신문,폭스바겐 신형 투아렉…“어떤 길도 거침없는 프리미엄 SUV”,https://n.news.naver.com/article/030/0003267313?ntype=RANKING
미디어오늘,"[속보] 윤석열 ""선관위, 데이터 조작 없다는 변명뿐""",https://n.news.naver.com/article/006/0000127569?ntype=RANKING
미디어오늘,"로이터·르몽드 인터뷰 김어준 ""체포팀 가동…죽는 줄 알았다""",https://n.news.naver.com/article/006/0000127587?ntype=RANKING
미디어오늘,계엄은 내란 아니다? 尹 담화 거짓말 투성이였다,https://n.news.naver.com/article/006/0000127585?ntype=RANKING
미디어오늘,"KBS 기자협회 ""박장범, 용산만 볼 거란 우려 현실로""",https://n.news.naver.com/article/006/0000127582?ntype=RANKING
미디어오늘,"'윤석열 명예훼손' 신학림 측 ""대화 다 들어봐도 언론 작업 얘기 없어""",https://n.news.naver.com/article/006/0000127584?ntype=RANKING
코메디닷컴,"""여드름 때문에 '이 약' 먹었는데""...심장마비 올 뻔한 20대女, 왜?",https://n.news.naver.com/article/296/0000084705?ntype=RANKING
코메디닷컴,“병원 진료 암 환자 중 유방암 가장 많아”... 왜 급증했나? 최악 생활 습관은?,https://n.news.naver.com/article/296/0000084723?ntype=RANKING
코메디닷컴,"""입에 대는 순간 펑!""...15세男 '이것' 폭발로 손가락 잃었다, 무슨 일?",https://n.news.naver.com/article/296/0000084726?ntype=RANKING
코메디닷컴,몸에 좋다고 먹었는데 속이 더부룩...복부 팽만 일으키는 뜻밖 식품은?,https://n.news.naver.com/article/296/0000084710?ntype=RANKING
코메디닷컴,"""친구 명품백 끈에 눈 맞아""...결국 실명된 女모델, 무슨 일?",https://n.news.naver.com/article/296/0000084696?ntype=RANKING
비즈워치,고혈압약 복용자는 안다…'카나브' 제네릭 등장 효과는,https://n.news.naver.com/article/648/0000031525?ntype=RANKING
비즈워치,"""내년 공공주택 역대최대"" 되새김질…탄핵불안 지우기?",https://n.news.naver.com/article/648/0000031523?ntype=RANKING
비즈워치,"'꼬박 4년'…대한항공, 아시아나 인수 마침표",https://n.news.naver.com/article/648/0000031491?ntype=RANKING
비즈워치,'글로벌 경제위기' 언급한 윤석열…진짜 문제는,https://n.news.naver.com/article/648/0000031520?ntype=RANKING
비즈워치,"동원산업, 자사주 매입·소각 이어 무상증자",https://n.news.naver.com/article/648/0000031526?ntype=RANKING
세계일보,홍준표 “하는 짓들이 박근혜 전 대통령 탄핵 때와 흡사”,https://n.news.naver.com/article/022/0003993814?ntype=RANKING
세계일보,"언제 수감될까?…조국 징역 2년 확정, 의원직 박탈",https://n.news.naver.com/article/022/0003993891?ntype=RANKING
세계일보,"이재명 “尹, 다 내려놓길… 살아보면 권력 별거 아냐”",https://n.news.naver.com/article/022/0003993861?ntype=RANKING
세계일보,“한동훈 사퇴해” “야유 말라” 고성·욕설 난무…두쪽 난 국민의힘,https://n.news.naver.com/article/022/0003993878?ntype=RANKING
세계일보,"윤여준 “尹, 매일밤 새벽까지 술 마셨다더라…사필귀정”",https://n.news.naver.com/article/022/0003993976?ntype=RANKING
전주MBC,'내란 옹호' 조배숙 발언 뒤 파장 일파만파,https://n.news.naver.com/article/659/0000028235?ntype=RANKING
전주MBC,"[속보] 권성동, '대통령 제명' 논의에 ""尹, 알아서 거취 판단할 것""",https://n.news.naver.com/article/659/0000028216?ntype=RANKING
전주MBC,"[속보] 조경태 ""尹씨 즉각 내려와야.. 대통령 호칭도 싫어""",https://n.news.naver.com/article/659/0000028236?ntype=RANKING
전주MBC,"[속보] '친한' 한지아, 尹 탄핵 공개 찬성.. 여당 내 7번째",https://n.news.naver.com/article/659/0000028218?ntype=RANKING
전주MBC,"무심코 버린 담배꽁초로 이웃 숨지게 한 60대, 항소심에서도 금고형",https://n.news.naver.com/article/659/0000028211?ntype=RANKING
한겨레21,윤석열 “2시간짜리 내란이 어디있냐” 국민 향해 ‘호통’,https://n.news.naver.com/article/036/0000050856?ntype=RANKING
한겨레21,학생도 교사도 못 지킨다,https://n.news.naver.com/article/036/0000050851?ntype=RANKING
한겨레21,보이지 않는 ‘어린이들’,https://n.news.naver.com/article/036/0000050855?ntype=RANKING
한겨레21,"배추 모종 200주, 더위에 메마르고 벌레에 초토화",https://n.news.naver.com/article/036/0000050852?ntype=RANKING
한겨레21,"굿바이, 토요판! 헬로우, txt!",https://n.news.naver.com/article/036/0000050857?ntype=RANKING
MBN,"""탄핵 찬성해, 아빠"" 문자에 국힘 의원 답변은? [짤e몽땅]",https://n.news.naver.com/article/057/0001860084?ntype=RANKING
MBN,"윤 대통령 탄핵까지 단 1명 남았다…한지아, 7번째 공개 '찬성'",https://n.news.naver.com/article/057/0001860050?ntype=RANKING
MBN,"[속보] '윤 탄핵집회' 참가자-경찰, 용산 관저 100m 앞 대치",https://n.news.naver.com/article/057/0001860091?ntype=RANKING
MBN,"임은정 ""검찰 내부는 윤 대통령 손절…이미 사냥감""",https://n.news.naver.com/article/057/0001860078?ntype=RANKING
MBN,윤 대통령 내외 모두 특검 위기…'내란·김건희 특검법' 본회의 통과,https://n.news.naver.com/article/057/0001860063?ntype=RANKING
채널A,[단독]한동훈 “물러서지 않는다…계엄 막은 정당이 계엄 옹호 안돼”,https://n.news.naver.com/article/449/0000293785?ntype=RANKING
채널A,조국 기자회견 끝내자…김재원 의원 눈물 펑펑 쏟았다 [현장영상],https://n.news.naver.com/article/449/0000293774?ntype=RANKING
채널A,‘4번째 김건희 특검법’ 국회 통과…尹 거부권은?,https://n.news.naver.com/article/449/0000293778?ntype=RANKING
채널A,"법무장관 탄핵안 가결…박성재 “동의 못 해, 헌재서 대응”",https://n.news.naver.com/article/449/0000293782?ntype=RANKING
채널A,조경태 분노…“국민들 분노…앞으로 ‘윤석열 씨’라고 할 것” [현장영상],https://n.news.naver.com/article/449/0000293786?ntype=RANKING
이코노미스트,"'조정 끝' 리플, ""이번 파동서 8000원 간다"" 분석 나와...SEC 항소 철회 가능성도",https://n.news.naver.com/article/243/0000069524?ntype=RANKING
이코노미스트,"[속보] 야6당, 두번째 尹대통령 탄핵안 국회 제출…14일 표결",https://n.news.naver.com/article/243/0000069541?ntype=RANKING
이코노미스트,[속보] 차기 하나은행장에 이호성 하나카드 사장,https://n.news.naver.com/article/243/0000069542?ntype=RANKING
이코노미스트,"[단독] ‘7억불 수출탑’ 삼양식품, 글로벌 브랜드 통합몰 만든다",https://n.news.naver.com/article/243/0000069529?ntype=RANKING
이코노미스트,"최태원 차녀 최민정, 美 보험사 대표 총격에 “의료 체계 변화해야”",https://n.news.naver.com/article/243/0000069472?ntype=RANKING
SBS Biz,"'尹 탄핵집회' 참가자-경찰, 용산 관저 100ｍ 앞 대치",https://n.news.naver.com/article/374/0000415455?ntype=RANKING
SBS Biz,"대출 받을 때 친절했던 그 직원, 은행원이 아니네…누구?",https://n.news.naver.com/article/374/0000415372?ntype=RANKING
SBS Biz,30년 뒤 대한민국은 '나혼자 산다'…고독사 걱정되네,https://n.news.naver.com/article/374/0000415381?ntype=RANKING
SBS Biz,17억 집 살면서 월 340만원 통장에 꽂힌다고?,https://n.news.naver.com/article/374/0000415261?ntype=RANKING
SBS Biz,"누구와? 왜? 어떻게?…윤 대통령 ""끝까지 싸울 것""",https://n.news.naver.com/article/374/0000415338?ntype=RANKING
주간조선,"비트코인, 1억 4천 재돌파… 횡보하는 이유가",https://n.news.naver.com/article/053/0000047274?ntype=RANKING
주간조선,"대법원, 조국 '징역 2년' 실형 확정... 의원직 상실",https://n.news.naver.com/article/053/0000047282?ntype=RANKING
주간조선,"尹 ""비상계엄 선포는 통치행위…탄핵이든 수사든 맞설 것""",https://n.news.naver.com/article/053/0000047278?ntype=RANKING
주간조선,"한동훈 ""尹, 내란 자백"" 발언에 친윤계 집단 항의",https://n.news.naver.com/article/053/0000047279?ntype=RANKING
주간조선,"진종오, 탄핵 찬성할 듯... 여당 이탈표 2명 남았다",https://n.news.naver.com/article/053/0000047281?ntype=RANKING
매일신문,"국힘 조경태 ""이제 尹씨라 부르겠다…쌍욕할 정도로 국민 분노""",https://n.news.naver.com/article/088/0000920359?ntype=RANKING
매일신문,"이기인 ""김용태, 尹탄핵 찬성표 막차를, 계엄파 국회의원으로 기억되지 않기를""",https://n.news.naver.com/article/088/0000920407?ntype=RANKING
매일신문,"임은정 ""검찰 내부는 尹 손절…檢·경찰·공수처의 사냥감됐다""",https://n.news.naver.com/article/088/0000920400?ntype=RANKING
매일신문,국힘 원내대표 권성동·비서실장 김대식·원내수석부대표 박형수·원내대변인 서지영,https://n.news.naver.com/article/088/0000920422?ntype=RANKING
매일신문,"네번째 '김여사 특검법', 국회 본회의 통과…15가지 의혹 [영상]",https://n.news.naver.com/article/088/0000920365?ntype=RANKING
경기일보,[속보] 테이저건 분실한 경찰… 70대 폐지 수거 노인 추적 중,https://n.news.naver.com/article/666/0000059366?ntype=RANKING
경기일보,"225명 태운 에어부산, '기체 내 연기'…혼란 속 항공 운행 지연",https://n.news.naver.com/article/666/0000059346?ntype=RANKING
경기일보,"유정복, 사실상 대통령 탄핵 찬성…“국회가 국민 뜻 존중해 달라”",https://n.news.naver.com/article/666/0000059356?ntype=RANKING
경기일보,"""나도 민주 시민""… 윤석열 탄핵 집회 등장한 노래방 도우미 '눈길'",https://n.news.naver.com/article/666/0000059365?ntype=RANKING
경기일보,"""우리나라서 전쟁 난다""… 망상으로 모친에 둔기 휘두른 20대 남성",https://n.news.naver.com/article/666/0000059351?ntype=RANKING
데일리안,야한 동영상 걸려 쫓겨난 女체조선수…계정 풀리자 팔로워 폭증,https://n.news.naver.com/article/119/0002903136?ntype=RANKING
데일리안,"주진우 ""이재명, 법원통지서 수령하라…안 받으면 재판 지연 자백""",https://n.news.naver.com/article/119/0002903452?ntype=RANKING
데일리안,"""나를 죽이는 모든 것들…"" 故김수미 일기 세상에 나왔다",https://n.news.naver.com/article/119/0002903398?ntype=RANKING
데일리안,"조경태, 탄핵안 가결시 '한동훈 사퇴론' 일축",https://n.news.naver.com/article/119/0002903476?ntype=RANKING
데일리안,"집회서 목청 높인 노래방 도우미女 ""더불어 민주주의에 관심을…""",https://n.news.naver.com/article/119/0002903553?ntype=RANKING
기자협회보,"尹 'MBC 장악지시' 의혹에… MBC노조 ""사적 복수하려 한 것""",https://n.news.naver.com/article/127/0000036820?ntype=RANKING
기자협회보,"윤 대통령, 30분 '격정 담화'로 내란 사실상 자백",https://n.news.naver.com/article/127/0000036817?ntype=RANKING
기자협회보,"'MBC 장악' 지시해놓고... 尹 ""국회 마비시키려했다면 방송 제한했을 것""",https://n.news.naver.com/article/127/0000036818?ntype=RANKING
기자협회보,"""임명동의제 무시, 가식 뿐인 박장범... 사장 못 받아들인다""",https://n.news.naver.com/article/127/0000036819?ntype=RANKING
기자협회보,"서울 만의 분노 아니었다… 지역 곳곳서 ""尹, 민주주의 짓밟아""",https://n.news.naver.com/article/127/0000036815?ntype=RANKING
TV조선,"""탄핵 가결 한 표 남았다""…與 한지아 ""표결 참여해 바로잡겠다""",https://n.news.naver.com/article/448/0000495231?ntype=RANKING
TV조선,"尹 담화 '중국 간첩' 언급에…中 ""깊은 놀라움·불만""",https://n.news.naver.com/article/448/0000495250?ntype=RANKING
TV조선,"조국 ""선고 겸허히 받아들여…尹 탄핵 변치 않을 것""",https://n.news.naver.com/article/448/0000495180?ntype=RANKING
TV조선,"[단독] '계엄 핵심증거' 비화폰 서버, B-1 벙커에 있다…軍 증거보존조치 후 경찰 압수수색",https://n.news.naver.com/article/448/0000495188?ntype=RANKING
TV조선,'내란 특검법' 국회 본회의 통과…與 5명 찬성,https://n.news.naver.com/article/448/0000495222?ntype=RANKING
더팩트,與서 이어지는 탄핵 찬성…진종오·한지아까지 총 7명,https://n.news.naver.com/article/629/0000347143?ntype=RANKING
더팩트,尹부부 위기…윤석열 내란 특검-김건희 특검 본회의 통과,https://n.news.naver.com/article/629/0000347311?ntype=RANKING
더팩트,"조국 ""잠깐 떠나지만 혁신당 후퇴 아냐…맑은 사람으로 돌아오겠다""",https://n.news.naver.com/article/629/0000347194?ntype=RANKING
더팩트,[단독포착] 尹 탄핵 표결 참여 의사 밝히는 박정하 국민의힘 의원,https://n.news.naver.com/article/629/0000347304?ntype=RANKING
더팩트,"민주당 ""檢, 조국에 멸문지화…2년형 확정 깊은 유감""",https://n.news.naver.com/article/629/0000347348?ntype=RANKING
대구MBC,"[글로벌+] 중국 반응도 ""계엄, 믿을 수 없다""···주간지 1면은 '서울, 6시간의 사변'",https://n.news.naver.com/article/657/0000032875?ntype=RANKING
대구MBC,"홍준표 ""윤석열·이재명·한동훈 모두 사라졌으면 좋겠다···이것이 시중 여론""",https://n.news.naver.com/article/657/0000032876?ntype=RANKING
대구MBC,"조경태 ""쌍욕 할 정도로 국민 분노하게 만든 담화···윤석열 씨라 부르겠다""",https://n.news.naver.com/article/657/0000032882?ntype=RANKING
대구MBC,"조국 ""'징역 2년' 선고 겸허히 받아들여···더 탄탄하고 맑은 사람 돼 돌아오겠다""",https://n.news.naver.com/article/657/0000032883?ntype=RANKING
대구MBC,"윤석열 ""내란죄는 허위 선동, 계엄 형식 빌려 국정 마비 세력에 경고한 것···끝까지 싸울 것""",https://n.news.naver.com/article/657/0000032856?ntype=RANKING
매경이코노미,"진종오·한지아, 공개 탄핵 찬성…가결까지 단 1표",https://n.news.naver.com/article/024/0000093583?ntype=RANKING
매경이코노미,조국 감옥으로...‘입시비리’ 징역 2년 확정에 5년 걸렸다,https://n.news.naver.com/article/024/0000093570?ntype=RANKING
매경이코노미,"[속보]세습채용·비리 노출 선관위, 尹 담화엔 즉각 반박",https://n.news.naver.com/article/024/0000093576?ntype=RANKING
매경이코노미,“北 보라는 건가”...국회 생중계 중 軍 기밀 유출 논란,https://n.news.naver.com/article/024/0000093578?ntype=RANKING
매경이코노미,"‘친한’ 신지호 “김 여사, 유튜버에 ‘韓 반드시 손봐’ 전화”",https://n.news.naver.com/article/024/0000093574?ntype=RANKING
뉴스타파,"“끝까지 싸우겠다”... ‘내란수괴 윤석열’의 망상과 궤변, 거짓말",https://n.news.naver.com/article/607/0000002364?ntype=RANKING
뉴스타파,"12.7 여의도 탄핵집회 참석자 최소 28만명, 20대 여성이 가장 많았다",https://n.news.naver.com/article/607/0000002363?ntype=RANKING
뉴스타파,'12·3 내란 심의 국무회의' 기록이 없다...절차적 위법성 드러나,https://n.news.naver.com/article/607/0000002365?ntype=RANKING
뉴스타파,국민은 “검찰 수사 안 돼”… 국민의힘은 “검찰 방해 안 돼”,https://n.news.naver.com/article/607/0000002360?ntype=RANKING
뉴스타파,"[윤석열의 내란] ""경찰이 윤석열 체포하라, 되도록 빨리""...강일구 전 서울청 반부패수사대장",https://n.news.naver.com/article/607/0000002359?ntype=RANKING
시사IN,나는 왜 노벨상 시상식장 앞에서 ‘윤석열 규탄’ 푯말을 들었나,https://n.news.naver.com/article/308/0000035869?ntype=RANKING
시사IN,"김용현 자살 시도에서 대통령실 압수수색까지, 탄핵 재표결 D-3일의 기록",https://n.news.naver.com/article/308/0000035870?ntype=RANKING
시사IN,"‘채 상병 사건’ 항명이냐 수사 외압이냐, 재판부 판단만 남았다",https://n.news.naver.com/article/308/0000035865?ntype=RANKING
시사IN,한밤의 군사작전 주도자는 누구인가,https://n.news.naver.com/article/308/0000035866?ntype=RANKING
시사IN,〈위키드〉의 ‘마녀들’은 어떻게 엘사를 이겼을까,https://n.news.naver.com/article/308/0000035867?ntype=RANKING
머니S,"[속보] 권성동, 원내대표 비서실장 김대식·원내수석부대표 박형수·원내대변인 서지영",https://n.news.naver.com/article/417/0001044954?ntype=RANKING
머니S,"""술집 여자여도 민주 시민""… '탄핵집회' 나선 노래방 도우미 여성",https://n.news.naver.com/article/417/0001044865?ntype=RANKING
머니S,윤 대통령 부부 특검 위기… 4번째 '김건희 특검법' 통과,https://n.news.naver.com/article/417/0001044919?ntype=RANKING
머니S,"""윤석열은 꼭두각시""… 김 여사 다큐 '퍼스트레이디' 매진 행렬",https://n.news.naver.com/article/417/0001044796?ntype=RANKING
머니S,"[르포] 이래서 BMW 사는구나… ""나는 차 맡기고 공항 간다""",https://n.news.naver.com/article/417/0001044806?ntype=RANKING
월간 산,"""‌독일 촌사람, 설악산 보고 울었어요"" [부산대 화제의 외국인 산악부원 ②]",https://n.news.naver.com/article/094/0000012301?ntype=RANKING
월간 산,애기동백은 알고 있다…빛나던 압해도 역사를 [신안특집],https://n.news.naver.com/article/094/0000012300?ntype=RANKING
월간 산,'도봉 커피의 추억'이냐vs국유 재산 원상 복구냐 [어떻게 생각하십니까],https://n.news.naver.com/article/094/0000012298?ntype=RANKING
월간 산,"'익스플로러스웹', 박영석·김창호 비중 있게 소개",https://n.news.naver.com/article/094/0000012299?ntype=RANKING
월간 산,"태국의 집순이, 부산 와서 山순이 되다 [부산대 화제의 외국인 산악부원 ①]",https://n.news.naver.com/article/094/0000012297?ntype=RANKING
한경비즈니스,"[속보] '내란' 일반특검 및 김여사 특검법, 국회 본회의 통과",https://n.news.naver.com/article/050/0000083575?ntype=RANKING
한경비즈니스,"이재명, 尹 담화에 ""편 가르기 우려…대통령은 다 내려놓으시길""",https://n.news.naver.com/article/050/0000083560?ntype=RANKING
한경비즈니스,"""징역 2년 확정"" 조국, 5년간 출마 불가",https://n.news.naver.com/article/050/0000083567?ntype=RANKING
한경비즈니스,주인 못 찾은 아파트 2만채…경기불황 못 피한 경매시장[비즈니스 포커스],https://n.news.naver.com/article/050/0000083564?ntype=RANKING
한경비즈니스,"오세훈 서울시장, 입장 선회 “탄핵소추 당론으로 해야”",https://n.news.naver.com/article/050/0000083559?ntype=RANKING
조세일보,국힘 조경태 “이제 윤석열씨라고 하겠다.. 어찌 그분이 대통령인가”,https://n.news.naver.com/article/123/0002348732?ntype=RANKING
조세일보,"국힘 진종오·한지아 ""尹 탄핵 찬성""…가결까지 1명 남았다",https://n.news.naver.com/article/123/0002348697?ntype=RANKING
조세일보,"선관위 ""尹 '부정선거' 불가능한 시나리오…본인 당선된 시스템 자기부정""",https://n.news.naver.com/article/123/0002348735?ntype=RANKING
조세일보,"코스피, 대통령 담화에 18P↓ vs. 한 대표 발언에 11P↑...2480선 '회복'",https://n.news.naver.com/article/123/0002348733?ntype=RANKING
조세일보,尹내란·김건희 특검법 국회 통과…국힘서 일부 이탈표,https://n.news.naver.com/article/123/0002348726?ntype=RANKING
주간동아,입시비리·감찰무마 조국 징역 2년 확정… 며칠 뒤 수감,https://n.news.naver.com/article/037/0000035431?ntype=RANKING
주간동아,"尹 “비상계엄 내란 아니다… 탄핵하든, 수사하든 맞설 것”",https://n.news.naver.com/article/037/0000035430?ntype=RANKING
주간동아,"김용현, 동부구치소 화장실서 극단 선택 시도",https://n.news.naver.com/article/037/0000035425?ntype=RANKING
주간동아,"경찰, 용산 대통령실 압수수색",https://n.news.naver.com/article/037/0000035426?ntype=RANKING
주간동아,‘尹 내란 수괴 수사’ 초읽기… ‘내란 중요임무’ 김용현 구속,https://n.news.naver.com/article/037/0000035423?ntype=RANKING
신동아,"조국의 시간, 2년 멈췄다",https://n.news.naver.com/article/262/0000017975?ntype=RANKING
신동아,서민은 허리 휘는데 은행은 ‘돈잔치’,https://n.news.naver.com/article/262/0000017973?ntype=RANKING
신동아,[전문] 尹 “비상계엄 조치는 대통령의 고도의 정치적 판단”,https://n.news.naver.com/article/262/0000017974?ntype=RANKING
신동아,12‧3 비상계엄 주도한 ‘내란 수괴’ 신병확보만 남았다,https://n.news.naver.com/article/262/0000017971?ntype=RANKING
신동아,끝끝내 임신 성공하는 여성의 힘을 믿는다,https://n.news.naver.com/article/262/0000017970?ntype=RANKING
CJB청주방송,"尹담화 中도 뿔났다...""놀랍고 불쾌""",https://n.news.naver.com/article/655/0000022396?ntype=RANKING
CJB청주방송,"국정의지 강력...尹, 법률안·대통령령 42건 재가",https://n.news.naver.com/article/655/0000022395?ntype=RANKING
CJB청주방송,"조국, 징역 2년 확정...의원직 박탈",https://n.news.naver.com/article/655/0000022393?ntype=RANKING
CJB청주방송,"""계엄 사전에 알았다""...경찰, 조지호·김봉식 구속영장 신청",https://n.news.naver.com/article/655/0000022394?ntype=RANKING
CJB청주방송,"尹 ""탄핵하든 수사하든 맞설 것""...자진사퇴 거부",https://n.news.naver.com/article/655/0000022392?ntype=RANKING
코리아중앙데일리,"Defiant Yoon says he will face impeachment vote head on, accuses 'frenzied' opposition of 'paralyzing state affairs'",https://n.news.naver.com/article/640/0000062897?ntype=RANKING
코리아중앙데일리,여행주의 국가 된 한국… 계엄령 공포가 관광산업 위협,https://n.news.naver.com/article/640/0000062833?ntype=RANKING
코리아중앙데일리,Police attempt second raid on presidential compound to secure JCS documents,https://n.news.naver.com/article/640/0000062922?ntype=RANKING
코리아중앙데일리,Kospi climbs 1.62% on bullishness over 'excessive' volatility,https://n.news.naver.com/article/640/0000062929?ntype=RANKING
코리아중앙데일리,"PPP chief says Yoon's speech a 'confession of insurrection,' urges party to vote yes on impeachment",https://n.news.naver.com/article/640/0000062928?ntype=RANKING
주간경향,윤 “고도의 통치행위”에 “헛소리이자 궤변”,https://n.news.naver.com/article/033/0000048076?ntype=RANKING
주간경향,"조국, ‘입시비리·감찰무마’ 징역 2년 확정···의원직 상실",https://n.news.naver.com/article/033/0000048075?ntype=RANKING
주간경향,한동훈 “탄핵 찬성···의원들 소신 따라 표결 참여해야”,https://n.news.naver.com/article/033/0000048074?ntype=RANKING
주간경향,계엄군은 왜 충정로에도 출동했을까[취재 후],https://n.news.naver.com/article/033/0000048071?ntype=RANKING
주간경향,클림트·실레의 대표작이 왔다[문화캘린더],https://n.news.naver.com/article/033/0000048069?ntype=RANKING
국제신문,"[속보] ‘尹 탄핵집회’ 참가자-경찰, 용산 관저 100ｍ 앞 대치",https://n.news.naver.com/article/658/0000091113?ntype=RANKING
국제신문,'내란 특검법' 국회 본회의 통과…與 5명 찬성표,https://n.news.naver.com/article/658/0000091106?ntype=RANKING
국제신문,與 '尹 탄핵안' 찬성 7명… 가결까지 단 1명 남았다,https://n.news.naver.com/article/658/0000091075?ntype=RANKING
국제신문,"선관위 “계엄군 선관위 청사 점거, 尹담화 통해 위헌으로 명백히 확인”",https://n.news.naver.com/article/658/0000091108?ntype=RANKING
국제신문,"한동훈, '尹대통령 출당·제명' 논의 심야 윤리위 소집",https://n.news.naver.com/article/658/0000091111?ntype=RANKING
JIBS,"“SK하이닉스, ‘꿈의 직장’ 새 왕좌, 삼성전자 6위로  추락”",https://n.news.naver.com/article/661/0000048100?ntype=RANKING
JIBS,"“대표 사퇴?, 고민은 하지만” 탄핵 정국 한가운데, 한동훈 승부수는?.. “책임과 야망의  격돌”",https://n.news.naver.com/article/661/0000048102?ntype=RANKING
JIBS,"“예전엔 무료였는데, 앞으로 추가 결제”.. 대한항공, 비상구 ‘유료화’ 시작",https://n.news.naver.com/article/661/0000048096?ntype=RANKING
JIBS,"민주당 ""제주도, 비상계엄 해제 조치 안  해""",https://n.news.naver.com/article/661/0000048111?ntype=RANKING
JIBS,"대출 규제·정국 불안에 직격타, 아파트값 4주째 ‘뚝’.. “강남도 무너질까”",https://n.news.naver.com/article/661/0000048112?ntype=RANKING
더스쿠프,K-패션 인기의 함의: 대형 패션기업 '성공 공식'에 일침,https://n.news.naver.com/article/665/0000004154?ntype=RANKING
더스쿠프,[재테크 Lab] 은행 돈으로 집 샀더니… 영끌의 뼈아픈 대가,https://n.news.naver.com/article/665/0000004150?ntype=RANKING
더스쿠프,"12·3 내란에 맞선 MZ의 대답 ""응원봉의 불빛은 꺼지지 않는다""",https://n.news.naver.com/article/665/0000004148?ntype=RANKING
더스쿠프,낙관주의자들의 尹 정부: 국민을 비관주의자로 만들다,https://n.news.naver.com/article/665/0000004151?ntype=RANKING
더스쿠프,이재명 테마주서 저출생주로… '조기 대선' 기대감에 바뀐 흐름,https://n.news.naver.com/article/665/0000004149?ntype=RANKING
레이디경향,습관이 바껴야 몸이 바뀐다…2주간 콜레스테롤 떨어뜨리기,https://n.news.naver.com/article/145/0000021484?ntype=RANKING
레이디경향,‘발이 따뜻해야 오래 버티죠’…다양한 방한화의 세계,https://n.news.naver.com/article/145/0000021481?ntype=RANKING
레이디경향,‘꿈의 크루즈’ 디즈니 크루즈 국내 첫 예약 ‘접속 폭주’,https://n.news.naver.com/article/145/0000021486?ntype=RANKING
레이디경향,텀블러 떡볶이·보온병 붕어빵? ‘용기내 챌린지’가 바꾼 풍경,https://n.news.naver.com/article/145/0000021483?ntype=RANKING
레이디경향,피망 매일 먹으면 우리 몸에 일어나는 일,https://n.news.naver.com/article/145/0000021480?ntype=RANKING
